{
  "random": {
    "alpha": -0.06249532750829616,
    "beta_mkt": -1.3375135171498813,
    "beta_smb": 0.7481503911577684,
    "beta_hml": -2.558061442556661,
    "r_squared": 0.0002503276238295937,
    "alpha_t_stat": -1.8577477980288502,
    "alpha_p_value": 0.06329560650983357,
    "n_observations": 3240
  },
  "prior_day_persistence": {
    "alpha": -0.0039012035887192637,
    "beta_mkt": -0.8916811441895042,
    "beta_smb": -5.141532125025695,
    "beta_hml": 1.43675519189021,
    "r_squared": 0.00015148614129723015,
    "alpha_t_stat": -0.0706509039569526,
    "alpha_p_value": 0.9436799617714229,
    "n_observations": 3240
  },
  "momentum_12_1": {
    "alpha": -0.3945907137622163,
    "beta_mkt": 0.31608763535716367,
    "beta_smb": 0.10187743284688641,
    "beta_hml": -2.732351492307569,
    "r_squared": 4.490458649564211e-05,
    "alpha_t_stat": -6.408425287929138,
    "alpha_p_value": 1.6835666194481291e-10,
    "n_observations": 3240
  },
  "short_term_reversal": {
    "alpha": -0.08202277190547132,
    "beta_mkt": 0.3011235184924283,
    "beta_smb": 4.501748833604458,
    "beta_hml": -1.6909339327855757,
    "r_squared": 0.00010167861257504018,
    "alpha_t_stat": -1.4117290594892915,
    "alpha_p_value": 0.1581258980962561,
    "n_observations": 3240
  },
  "low_volatility": {
    "alpha": -0.2249459213034759,
    "beta_mkt": -0.9733078455666095,
    "beta_smb": -5.528018201563671,
    "beta_hml": -0.0161564126292902,
    "r_squared": 0.0001116299450545366,
    "alpha_t_stat": -3.3888549925658413,
    "alpha_p_value": 0.0007102475052913615,
    "n_observations": 3240
  },
  "lstm_only": {
    "alpha": 0.7198068923068398,
    "beta_mkt": -1.6876976913872572,
    "beta_smb": -3.622618552119622,
    "beta_hml": 2.3003386893761437,
    "r_squared": 0.00021188274454386757,
    "alpha_t_stat": 15.468546222169396,
    "alpha_p_value": 0.0,
    "n_observations": 3240
  },
  "lgbm_ranker": {
    "alpha": 0.7922093060298584,
    "beta_mkt": -0.6614857252979035,
    "beta_smb": -1.3448705371003673,
    "beta_hml": 0.3827968568162459,
    "r_squared": 1.237060598557882e-05,
    "alpha_t_stat": 11.859139866678584,
    "alpha_p_value": 0.0,
    "n_observations": 3240
  }
}