{
  "temperature": 1.4991228580474854,
  "ece_before": 0.015109379021340885,
  "ece_after": 0.031147858256750094,
  "type": "temperature"
}